<?xml version="1.0" encoding="UTF-8" ?>
<!--
  - DispatcherServlet application context for the Spring web MVC
  - implementation of JPetStore's web tier.
  -->
<beans xmlns:xsi="http://www.w3.org/2001/XMLSchema-instance"
	xmlns="http://www.springframework.org/schema/beans"
	xmlns:context="http://www.springframework.org/schema/context" 
	xmlns:mvc="http://www.springframework.org/schema/mvc" 	
	xmlns:tx="http://www.springframework.org/schema/tx"
	xmlns:task="http://www.springframework.org/schema/task"
	xsi:schemaLocation="http://www.springframework.org/schema/beans
       	http://www.springframework.org/schema/beans/spring-beans.xsd
       	http://www.springframework.org/schema/context
       	http://www.springframework.org/schema/context/spring-context.xsd
       	http://www.springframework.org/schema/mvc 				
		http://www.springframework.org/schema/mvc/spring-mvc.xsd
		http://www.springframework.org/schema/tx 
		http://www.springframework.org/schema/tx/spring-tx.xsd
		http://www.springframework.org/schema/task
		http://www.springframework.org/schema/task/spring-task.xsd"> 

	<context:component-scan base-package="com.example.controller" />
	<context:component-scan base-package="com.example.jpetstore.service" /> 
	
	<tx:annotation-driven transaction-manager="transactionManager" />
	
	<task:scheduler id="scheduler" pool-size="10" />

	<mvc:annotation-driven/>		<!-- create RequestMappingHandlerMapping -->
	<mvc:default-servlet-handler />
	
	<bean id="viewResolver"
		class="org.springframework.web.servlet.view.InternalResourceViewResolver">
		<property name="viewClass" value="org.springframework.web.servlet.view.JstlView"/>
		<property name="prefix" value="/WEB-INF/view/"/>
		<property name="suffix" value=".jsp"/>
	</bean>
	
	<bean id="multipartResolver"
		class="org.springframework.web.multipart.commons.CommonsMultipartResolver">
	</bean>
</beans>